row ID,row m/z,row retention time,row number of detected peaks,AFFF3_Target_Neg.mzXML Peak area
0,460.9336,4.192767,1,1.49E+07
1,209.0856171,5.770166667,1,2.69E+07
100,398.9385,6.22,1,1.49E+07
101,398.9385,6.4,1,1.49E+07
3,398.9368134,6.408833333,1,2.00E+07
222,412.9664276,7.25,1,1.49E+07
106,598.9238,7.25,1,1.49E+07
102,498.9302193,7.86,1,1.49E+07
103,498.9302193,8.07,1,1.49E+07
4,586.039942,8.96455,1,2.41E+07
104,498.9311926,9.13,1,3.41E+07
105,598.9238,9.66,1,1.49E+07
